line,fbus,tbus,r,x,b,rateA,rateB,rateC,ratio,angle,status,angmin,angmax
1,1,3,0,0.01055,0.1025,250,250,250,0,0,1,-360,360
2,1,2,0,0.01055,0.0775,250,250,250,0,0,1,-360,360
3,3,5,0,0.01055,0.0775,250,250,250,0,0,1,-360,360
4,2,4,0,0.01055,0.0775,250,250,250,0,0,1,-360,360
5,3,7,0,0.01055,0.0775,250,250,250,0,0,1,-360,360
6,2,6,0,0.01055,0.0775,250,250,250,0,0,1,-360,360
7,5,9,0,0.01055,0.0775,250,250,250,0,0,1,-360,360
8,4,8,0,0.01055,0.0775,250,250,250,0,0,1,-360,360
