line,fbus,fromX,fromY,tbus,toX,toY,amps,hr0,hr1,hr2,hr3,hr4,hr5,hr6,hr7,hr8,hr9,hr10,hr11,hr12,hr13,hr14,hr15,hr16,hr17,hr18,hr19,hr20,hr21,hr22,hr23
1,1,3,2,3,3,3,300,69.4898,59.9297,60.0387,67.9494,50.5687,68.2397,67.9454,69.9222,67.6522,68.4788,68.5846,59.058,56.6141,40.4728,70.5848,58.0874,69.1504,73.0579,76.8253,77.2175,79.079,46.4359,63.1007,70.5721
2,1,3,2,2,3,1,250,68.7944,26.2258,27.2486,52.2881,21.516,60.9071,29.7564,50.1823,44.0685,38.2269,35.1253,21.6876,44.7801,37.4541,44.1381,36.9864,60.0117,32.4977,58.8634,37.7111,61.5473,35.831,30.3151,48.4292
3,3,3,3,5,2,3,200,50.5651,48.4162,50.6587,50.1626,49.3012,45.8909,49.3192,49.8737,48.5845,49.3007,50.7422,56.8495,49.4901,36.8067,50.0002,57.0657,47.5979,53.6648,56.6927,53.8642,56.8924,41.8248,47.3142,52.54
4,2,3,1,4,2,1,100,46.8627,25.3206,24.7685,49.19,16.5898,50.2019,23.6575,49.3358,39.6034,36.1762,30.18,21.6876,38.7797,32.0984,40.6579,28.9095,54.3937,19.4265,52.7068,32.2841,58.6897,23.5201,29.7948,42.9033
5,3,3,3,7,4,3,75,47.6656,35.3192,32.2234,45.8349,11.2511,50.5043,46.7354,49.0074,47.0782,47.5268,46.1419,15.9996,27.4933,16.8318,49.8216,10.8469,50.162,49.5735,51.8467,55.3281,54.9249,20.1737,41.7501,47.1166
6,2,3,1,6,4,1,25,50.3643,6.83095,11.3581,17.7311,13.7009,34.4883,18.049,9.17808,19.3288,12.3522,17.971,2.77E-07,22.3919,19.3002,17.1789,23.0703,25.3521,26.0521,26.2087,19.4902,18.5364,27.0309,5.59222,22.4654
7,5,2,3,9,1,3,400,48.7059,47.9819,49.5631,47.7216,47.2256,45.8909,48.6302,46.8812,47.902,48.9549,48.0759,50.5845,46.5294,35.7453,48.3728,52.1066,47.5194,45.2042,51.5331,48.048,47.6102,37.9392,45.2042,50.2116
8,4,2,1,8,1,1,15,45.3231,11.1476,11.212,47.4558,12.6267,47.9606,18.1101,46.7022,37.309,35.5746,24.2562,12.9863,14.6008,13.3263,39.9472,15.7415,52.0516,10.0587,45.8883,18.9807,49.6938,15.1781,23.2521,37.4348
