hr,kw
1,94.50165913
2,54.33541423
3,94.86210948
4,104.9923735
5,58.23558845
6,115.4669083
7,74.07984986
8,80.14740667
9,71.01258705
10,66.39971396
11,66.65875696
12,70.89365748
13,83.11764894
14,51.72729331
15,68.01851167
16,66.02414094
17,81.23598608
18,76.26764061
19,102.0847729
20,93.97673606
21,84.89833405
22,66.35016871
23,73.83077048
24,66.85759671
